"id","group","nameVi","nameLatin","nameEn","description","function","clinical","mnemonic","source","status","reviewer","reviewedAt","note"
"right_atrium","chambers","Tâm nhĩ phải","Atrium dextrum","Right atrium","Buồng tim ở phía trên bên phải, nhận máu từ tĩnh mạch chủ trên, tĩnh mạch chủ dưới và xoang vành. Mặt trong có phần thành nhẵn và phần có cơ lược.","Thu nhận máu nghèo oxy từ toàn cơ thể và đẩy xuống tâm thất phải qua van ba lá.","Nút xoang nhĩ (nút tạo nhịp tự nhiên) nằm ở thành tâm nhĩ phải, gần lỗ tĩnh mạch chủ trên.","","BẢN NHÁP – chưa có cố vấn duyệt","Chờ duyệt","","",""
"right_ventricle","chambers","Tâm thất phải","Ventriculus dexter","Right ventricle","Buồng tim ở phía trước, tạo nên phần lớn mặt ức sườn của tim. Thành mỏng hơn tâm thất trái, mặt trong có nhiều bè cơ.","Bơm máu nghèo oxy lên phổi qua van động mạch phổi và thân động mạch phổi.","Phì đại thất phải gặp trong tăng áp động mạch phổi kéo dài.","","BẢN NHÁP – chưa có cố vấn duyệt","Chờ duyệt","","",""
"left_atrium","chambers","Tâm nhĩ trái","Atrium sinistrum","Left atrium","Buồng tim ở phía sau, nhận máu từ bốn tĩnh mạch phổi. Tạo nên phần lớn nền tim.","Thu nhận máu giàu oxy từ phổi và đẩy xuống tâm thất trái qua van hai lá.","Giãn nhĩ trái thường gặp trong hẹp van hai lá và là yếu tố nguy cơ của rung nhĩ.","","BẢN NHÁP – chưa có cố vấn duyệt","Chờ duyệt","","",""
"left_ventricle","chambers","Tâm thất trái","Ventriculus sinister","Left ventricle","Buồng tim có thành dày nhất, tạo nên mỏm tim và phần lớn mặt hoành của tim.","Bơm máu giàu oxy vào động mạch chủ để đi nuôi toàn cơ thể.","Phì đại thất trái là hậu quả thường gặp của tăng huyết áp kéo dài.","","BẢN NHÁP – chưa có cố vấn duyệt","Chờ duyệt","","",""
"papillary_muscles_rv","chambers","Cơ nhú tâm thất phải","Musculi papillares ventriculi dextri","Papillary muscles of right ventricle","Ba cơ nhú (trước, dưới và vách) nằm trong tâm thất phải, nối với các lá van ba lá bằng thừng gân.","Co cùng tâm thất để giữ các lá van ba lá không lật ngược lên tâm nhĩ trong thì tâm thu.","","","BẢN NHÁP – chưa có cố vấn duyệt","Chờ duyệt","","",""
"papillary_muscle_lv","chambers","Cơ nhú tâm thất trái","Musculi papillares ventriculi sinistri","Papillary muscles of left ventricle","Hai cơ nhú (trước và sau/dưới) nằm trong tâm thất trái, nối với hai lá van hai lá bằng thừng gân. Mô hình hiện chỉ có cơ nhú dưới.","Giữ các lá van hai lá đóng kín trong thì tâm thu.","Đứt cơ nhú sau nhồi máu cơ tim gây hở van hai lá cấp.","","BẢN NHÁP – chưa có cố vấn duyệt","Chờ duyệt","","",""
"tricuspid_valve","valves","Van ba lá","Valva tricuspidalis (valva atrioventricularis dextra)","Tricuspid valve","Van nhĩ thất phải, có ba lá van (trước, sau và vách), nằm giữa tâm nhĩ phải và tâm thất phải. Mô hình hiện có lá sau và lá vách.","Ngăn máu trào ngược từ tâm thất phải lên tâm nhĩ phải trong thì tâm thu.","Nghe rõ nhất ở bờ trái xương ức, khoang liên sườn 4–5.","","BẢN NHÁP – chưa có cố vấn duyệt","Chờ duyệt","","",""
"mitral_valve","valves","Van hai lá","Valva mitralis (valva atrioventricularis sinistra)","Mitral valve","Van nhĩ thất trái, có hai lá van (lá trước và lá sau), nằm giữa tâm nhĩ trái và tâm thất trái. Mô hình hiện có lá sau.","Ngăn máu trào ngược từ tâm thất trái lên tâm nhĩ trái trong thì tâm thu.","Hẹp van hai lá thường do thấp tim; nghe rõ nhất ở mỏm tim.","","BẢN NHÁP – chưa có cố vấn duyệt","Chờ duyệt","","",""
"aortic_valve","valves","Van động mạch chủ","Valva aortae","Aortic valve","Van bán nguyệt có ba lá: lá vành trái, lá vành phải và lá không vành. Phía trên các lá van là các xoang động mạch chủ.","Ngăn máu từ động mạch chủ chảy ngược về tâm thất trái trong thì tâm trương.","Động mạch vành trái và phải xuất phát từ xoang vành trái và phải ngay trên van.","","BẢN NHÁP – chưa có cố vấn duyệt","Chờ duyệt","","",""
"pulmonary_valve","valves","Van động mạch phổi","Valva trunci pulmonalis","Pulmonary valve","Van bán nguyệt có ba lá (trước, trái, phải), nằm ở lỗ thân động mạch phổi.","Ngăn máu từ thân động mạch phổi chảy ngược về tâm thất phải trong thì tâm trương.","","","BẢN NHÁP – chưa có cố vấn duyệt","Chờ duyệt","","",""
"ascending_aorta","great_arteries","Động mạch chủ lên","Pars ascendens aortae","Ascending aorta","Đoạn đầu của động mạch chủ, dài khoảng 5 cm, đi từ tâm thất trái lên đến chỗ bắt đầu cung động mạch chủ.","Dẫn máu từ tâm thất trái; cho hai nhánh đầu tiên là động mạch vành trái và phải.","","","BẢN NHÁP – chưa có cố vấn duyệt","Chờ duyệt","","",""
"aortic_arch","great_arteries","Cung động mạch chủ","Arcus aortae","Aortic arch","Đoạn cong của động mạch chủ, uốn từ trước ra sau và sang trái, phía trên chỗ chia đôi của thân động mạch phổi.","Cho ba nhánh lớn cấp máu cho đầu, cổ và chi trên: thân cánh tay đầu, động mạch cảnh chung trái, động mạch dưới đòn trái.","Dây chằng động mạch (di tích ống động mạch) nối cung động mạch chủ với động mạch phổi trái.","","BẢN NHÁP – chưa có cố vấn duyệt","Chờ duyệt","","",""
"thoracic_aorta","great_arteries","Động mạch chủ ngực","Pars thoracica aortae","Thoracic (descending) aorta","Đoạn động mạch chủ xuống nằm trong trung thất sau, từ bờ dưới đốt sống ngực IV đến lỗ động mạch chủ của cơ hoành.","Cấp máu cho thành ngực và các tạng trong ngực qua các động mạch gian sườn sau, phế quản, thực quản.","","","BẢN NHÁP – chưa có cố vấn duyệt","Chờ duyệt","","",""
"brachiocephalic_trunk","great_arteries","Thân cánh tay đầu","Truncus brachiocephalicus","Brachiocephalic trunk","Nhánh đầu tiên và lớn nhất của cung động mạch chủ, chia thành động mạch cảnh chung phải và động mạch dưới đòn phải.","Cấp máu cho nửa phải của đầu, cổ và chi trên phải.","","","BẢN NHÁP – chưa có cố vấn duyệt","Chờ duyệt","","",""
"right_common_carotid","great_arteries","Động mạch cảnh chung phải","Arteria carotis communis dextra","Right common carotid artery","Xuất phát từ thân cánh tay đầu, đi lên cổ trong bao cảnh và chia thành động mạch cảnh trong và cảnh ngoài.","Cấp máu cho đầu và cổ bên phải.","","","BẢN NHÁP – chưa có cố vấn duyệt","Chờ duyệt","","",""
"left_common_carotid","great_arteries","Động mạch cảnh chung trái","Arteria carotis communis sinistra","Left common carotid artery","Xuất phát trực tiếp từ cung động mạch chủ, dài hơn bên phải vì có thêm đoạn trong ngực.","Cấp máu cho đầu và cổ bên trái.","","","BẢN NHÁP – chưa có cố vấn duyệt","Chờ duyệt","","",""
"right_subclavian","great_arteries","Động mạch dưới đòn phải","Arteria subclavia dextra","Right subclavian artery","Xuất phát từ thân cánh tay đầu, uốn cong qua đỉnh phổi và đi ra ngoài phía sau xương đòn.","Cấp máu cho chi trên phải, một phần cổ và não (qua động mạch đốt sống).","","","BẢN NHÁP – chưa có cố vấn duyệt","Chờ duyệt","","",""
"left_subclavian","great_arteries","Động mạch dưới đòn trái","Arteria subclavia sinistra","Left subclavian artery","Nhánh thứ ba của cung động mạch chủ, đi lên rồi ra ngoài qua đỉnh phổi trái.","Cấp máu cho chi trên trái, một phần cổ và não.","","","BẢN NHÁP – chưa có cố vấn duyệt","Chờ duyệt","","",""
"pulmonary_trunk","great_arteries","Thân động mạch phổi","Truncus pulmonalis","Pulmonary trunk","Xuất phát từ tâm thất phải, dài khoảng 5 cm, đi lên và ra sau rồi chia thành động mạch phổi phải và trái dưới cung động mạch chủ.","Dẫn máu nghèo oxy từ tâm thất phải lên phổi.","","","BẢN NHÁP – chưa có cố vấn duyệt","Chờ duyệt","","",""
"right_pulmonary_artery","great_arteries","Động mạch phổi phải","Arteria pulmonalis dextra","Right pulmonary artery","Nhánh dài hơn của thân động mạch phổi, đi ngang sang phải phía sau động mạch chủ lên và tĩnh mạch chủ trên để vào rốn phổi phải.","Dẫn máu nghèo oxy đến phổi phải.","","","BẢN NHÁP – chưa có cố vấn duyệt","Chờ duyệt","","",""
"left_pulmonary_artery","great_arteries","Động mạch phổi trái","Arteria pulmonalis sinistra","Left pulmonary artery","Nhánh ngắn hơn, đi sang trái phía trước động mạch chủ xuống để vào rốn phổi trái.","Dẫn máu nghèo oxy đến phổi trái.","","","BẢN NHÁP – chưa có cố vấn duyệt","Chờ duyệt","","",""
"superior_vena_cava","great_veins","Tĩnh mạch chủ trên","Vena cava superior","Superior vena cava","Được tạo bởi hai tĩnh mạch cánh tay đầu hợp lại, đi xuống bên phải động mạch chủ lên và đổ vào phần trên tâm nhĩ phải.","Dẫn máu nghèo oxy từ đầu, cổ, chi trên và thành ngực về tim.","Hội chứng tĩnh mạch chủ trên: phù mặt, cổ và chi trên do khối u trung thất chèn ép.","","BẢN NHÁP – chưa có cố vấn duyệt","Chờ duyệt","","",""
"inferior_vena_cava","great_veins","Tĩnh mạch chủ dưới","Vena cava inferior","Inferior vena cava","Tĩnh mạch lớn nhất cơ thể, đi qua lỗ tĩnh mạch chủ của cơ hoành ở mức đốt sống ngực VIII và đổ vào phần dưới tâm nhĩ phải. Mô hình chỉ có đoạn ngực.","Dẫn máu nghèo oxy từ phần cơ thể dưới cơ hoành về tim.","","","BẢN NHÁP – chưa có cố vấn duyệt","Chờ duyệt","","",""
"right_brachiocephalic_vein","great_veins","Tĩnh mạch cánh tay đầu phải","Vena brachiocephalica dextra","Right brachiocephalic vein","Do tĩnh mạch cảnh trong phải và tĩnh mạch dưới đòn phải hợp thành sau khớp ức đòn phải, ngắn và đi gần thẳng đứng.","Cùng tĩnh mạch cánh tay đầu trái tạo nên tĩnh mạch chủ trên.","","","BẢN NHÁP – chưa có cố vấn duyệt","Chờ duyệt","","",""
"left_brachiocephalic_vein","great_veins","Tĩnh mạch cánh tay đầu trái","Vena brachiocephalica sinistra","Left brachiocephalic vein","Dài hơn bên phải, đi chếch sang phải phía sau cán ức, bắt chéo trước các nhánh của cung động mạch chủ.","Cùng tĩnh mạch cánh tay đầu phải tạo nên tĩnh mạch chủ trên.","","","BẢN NHÁP – chưa có cố vấn duyệt","Chờ duyệt","","",""
"right_pulmonary_veins","great_veins","Các tĩnh mạch phổi phải","Venae pulmonales dextrae","Right pulmonary veins","Hai tĩnh mạch (trên và dưới) đi từ rốn phổi phải, phía sau tĩnh mạch chủ trên và tâm nhĩ phải, đổ vào tâm nhĩ trái.","Dẫn máu giàu oxy từ phổi phải về tâm nhĩ trái.","","","BẢN NHÁP – chưa có cố vấn duyệt","Chờ duyệt","","",""
"left_pulmonary_veins","great_veins","Các tĩnh mạch phổi trái","Venae pulmonales sinistrae","Left pulmonary veins","Hai tĩnh mạch (trên và dưới) đi từ rốn phổi trái, phía trước động mạch chủ xuống, đổ vào tâm nhĩ trái.","Dẫn máu giàu oxy từ phổi trái về tâm nhĩ trái.","Tĩnh mạch phổi là nguồn phát sinh thường gặp của rung nhĩ; là đích của thủ thuật cô lập tĩnh mạch phổi.","","BẢN NHÁP – chưa có cố vấn duyệt","Chờ duyệt","","",""
"left_coronary_artery","coronary","Động mạch vành trái","Arteria coronaria sinistra","Left coronary artery","Xuất phát từ xoang động mạch chủ trái, thân chung ngắn (khoảng 1–2 cm) rồi chia thành nhánh gian thất trước và nhánh mũ.","Cấp máu cho phần lớn tâm thất trái, tâm nhĩ trái và vách gian thất.","Hẹp thân chung động mạch vành trái là tổn thương nguy hiểm, thường chỉ định phẫu thuật bắc cầu.","","BẢN NHÁP – chưa có cố vấn duyệt","Chờ duyệt","","",""
"anterior_interventricular_artery","coronary","Nhánh gian thất trước","Ramus interventricularis anterior","Anterior interventricular (LAD) artery","Nhánh của động mạch vành trái, chạy trong rãnh gian thất trước xuống mỏm tim, cho các nhánh vách và nhánh chéo.","Cấp máu cho thành trước hai tâm thất và hai phần ba trước của vách gian thất.","Tắc nhánh gian thất trước là nguyên nhân thường gặp nhất của nhồi máu cơ tim thành trước.","","BẢN NHÁP – chưa có cố vấn duyệt","Chờ duyệt","","",""
"circumflex_artery","coronary","Nhánh mũ","Ramus circumflexus","Circumflex artery","Nhánh của động mạch vành trái, chạy trong rãnh vành vòng ra sau bên trái tim.","Cấp máu cho tâm nhĩ trái và thành bên, thành sau tâm thất trái.","","","BẢN NHÁP – chưa có cố vấn duyệt","Chờ duyệt","","",""
"right_coronary_artery","coronary","Động mạch vành phải","Arteria coronaria dextra","Right coronary artery","Xuất phát từ xoang động mạch chủ phải, chạy trong rãnh vành phải ra sau, thường tận cùng bằng nhánh gian thất sau.","Cấp máu cho tâm nhĩ phải, tâm thất phải, thường cả nút xoang nhĩ, nút nhĩ thất và phần sau vách gian thất.","Nhồi máu do tắc động mạch vành phải thường kèm rối loạn nhịp chậm do thiếu máu nút nhĩ thất.","","BẢN NHÁP – chưa có cố vấn duyệt","Chờ duyệt","","",""
"coronary_sinus","coronary","Xoang vành","Sinus coronarius","Coronary sinus","Tĩnh mạch lớn nằm trong rãnh vành ở mặt sau tim, dài khoảng 2–3 cm, đổ vào tâm nhĩ phải giữa lỗ tĩnh mạch chủ dưới và van ba lá.","Thu nhận phần lớn máu tĩnh mạch của tim (tĩnh mạch tim lớn, giữa, nhỏ) đưa về tâm nhĩ phải.","","","BẢN NHÁP – chưa có cố vấn duyệt","Chờ duyệt","","",""
"great_cardiac_vein","coronary","Tĩnh mạch tim lớn","Vena cordis magna","Great cardiac vein","Bắt đầu ở mỏm tim, đi lên trong rãnh gian thất trước cùng nhánh gian thất trước, vòng sang trái trong rãnh vành rồi đổ vào xoang vành.","Dẫn máu tĩnh mạch từ thành trước tim về xoang vành.","","","BẢN NHÁP – chưa có cố vấn duyệt","Chờ duyệt","","",""
"middle_cardiac_vein","coronary","Tĩnh mạch tim giữa","Vena cordis media","Middle cardiac vein","Đi trong rãnh gian thất sau cùng nhánh gian thất sau, đổ vào xoang vành.","Dẫn máu tĩnh mạch từ mặt hoành của tim về xoang vành.","","","BẢN NHÁP – chưa có cố vấn duyệt","Chờ duyệt","","",""
"inferior_vein_lv","coronary","Tĩnh mạch sau tâm thất trái","Vena ventriculi sinistri posterior","Posterior (inferior) vein of left ventricle","Đi trên mặt hoành của tâm thất trái, đổ vào xoang vành hoặc tĩnh mạch tim lớn.","Dẫn máu tĩnh mạch từ mặt dưới tâm thất trái.","","","BẢN NHÁP – chưa có cố vấn duyệt","Chờ duyệt","","",""
