"id","type","prompt","answer (nameVi)","answerId","distractors (nameVi)","difficulty","tags","status","note"
"q001","click","Nhấp vào tâm thất trái","Tâm thất trái","left_ventricle","","1","chambers","Chờ duyệt",""
"q002","click","Nhấp vào tâm nhĩ phải","Tâm nhĩ phải","right_atrium","","1","chambers","Chờ duyệt",""
"q003","click","Nhấp vào buồng tim nhận máu từ các tĩnh mạch phổi","Tâm nhĩ trái","left_atrium","","2","chambers","Chờ duyệt",""
"q004","click","Nhấp vào buồng tim tạo nên phần lớn mặt ức sườn","Tâm thất phải","right_ventricle","","2","chambers","Chờ duyệt",""
"q005","click","Nhấp vào van hai lá","Van hai lá","mitral_valve","","1","valves","Chờ duyệt",""
"q006","click","Nhấp vào van ba lá","Van ba lá","tricuspid_valve","","1","valves","Chờ duyệt",""
"q007","click","Nhấp vào van động mạch chủ","Van động mạch chủ","aortic_valve","","2","valves","Chờ duyệt",""
"q008","click","Nhấp vào cung động mạch chủ","Cung động mạch chủ","aortic_arch","","1","great_arteries","Chờ duyệt",""
"q009","click","Nhấp vào thân động mạch phổi","Thân động mạch phổi","pulmonary_trunk","","1","great_arteries","Chờ duyệt",""
"q010","click","Nhấp vào nhánh đầu tiên của cung động mạch chủ","Thân cánh tay đầu","brachiocephalic_trunk","","2","great_arteries","Chờ duyệt",""
"q011","click","Nhấp vào động mạch dưới đòn trái","Động mạch dưới đòn trái","left_subclavian","","2","great_arteries","Chờ duyệt",""
"q012","click","Nhấp vào tĩnh mạch chủ trên","Tĩnh mạch chủ trên","superior_vena_cava","","1","great_veins","Chờ duyệt",""
"q013","click","Nhấp vào tĩnh mạch chủ dưới","Tĩnh mạch chủ dưới","inferior_vena_cava","","1","great_veins","Chờ duyệt",""
"q014","click","Nhấp vào tĩnh mạch cánh tay đầu trái","Tĩnh mạch cánh tay đầu trái","left_brachiocephalic_vein","","2","great_veins","Chờ duyệt",""
"q015","click","Nhấp vào động mạch vành phải","Động mạch vành phải","right_coronary_artery","","2","coronary","Chờ duyệt",""
"q016","click","Nhấp vào nhánh gian thất trước","Nhánh gian thất trước","anterior_interventricular_artery","","2","coronary","Chờ duyệt",""
"q017","click","Nhấp vào tĩnh mạch đổ phần lớn máu tĩnh mạch của tim về tâm nhĩ phải","Xoang vành","coronary_sinus","","3","coronary","Chờ duyệt",""
"q018","click","Nhấp vào nhánh mũ","Nhánh mũ","circumflex_artery","","3","coronary","Chờ duyệt",""
"q019","name","Cấu trúc được tô sáng là gì?","Van động mạch chủ","aortic_valve","Van động mạch phổi | Van hai lá | Van ba lá","2","valves","Chờ duyệt",""
"q020","name","Cấu trúc được tô sáng là gì?","Tâm nhĩ phải","right_atrium","Tâm nhĩ trái | Tâm thất phải | Tâm thất trái","1","chambers","Chờ duyệt",""
"q021","name","Cấu trúc được tô sáng là gì?","Động mạch phổi trái","left_pulmonary_artery","Động mạch phổi phải | Thân động mạch phổi | Các tĩnh mạch phổi trái","2","great_arteries","Chờ duyệt",""
"q022","name","Cấu trúc được tô sáng là gì?","Động mạch cảnh chung trái","left_common_carotid","Thân cánh tay đầu | Động mạch dưới đòn trái | Động mạch cảnh chung phải","2","great_arteries","Chờ duyệt",""
"q023","name","Cấu trúc được tô sáng là gì?","Tĩnh mạch tim lớn","great_cardiac_vein","Tĩnh mạch tim giữa | Nhánh gian thất trước | Xoang vành","3","coronary","Chờ duyệt",""
"q024","name","Cấu trúc được tô sáng là gì?","Các tĩnh mạch phổi phải","right_pulmonary_veins","Các tĩnh mạch phổi trái | Tĩnh mạch chủ trên | Động mạch phổi phải","2","great_veins","Chờ duyệt",""
